qid,people,urls,subject
26938,8,https://ask.openstack.org/en/question/26938/virtualinterfacecreateexception-virtual-interface-creation-failed/,virtualinterfacecreateexception virtual interface creation failed
26985,7,https://ask.openstack.org/en/question/26985/icehouse-virtual-interface-creation-failed/,icehouse virtual interface creation failed
29932,7,https://ask.openstack.org/en/question/29932/hphelion-installation-failed-cannot-update-service-status-on-host-overcloud/,hphelion installation failed cannot update service status on host overcloud
31562,7,https://ask.openstack.org/en/question/31562/devstack-installation-fails-with-a-messageerror-openstackclientshell-exception-raised-requests11/,devstack installation fails with a messageerror openstackclientshell exception raised requests11
32935,6,https://ask.openstack.org/en/question/32935/hp-helion-openstack-community-virtual-install-not-downloading-correct-file/,hp helion openstack community virtual install not downloading correct file
28172,6,https://ask.openstack.org/en/question/28172/i-can-ping-private-ip-but-i-cant-ping-floating-ip/,i can ping private ip but i cant ping floating ip
31661,6,https://ask.openstack.org/en/question/31661/how-to-startstop-openstack-services-manually/,how to startstop openstack services manually
28434,6,https://ask.openstack.org/en/question/28434/instance-interfaces-not-getting-the-neutron-assigned-ip/,instance interfaces not getting the neutron assigned ip
31574,6,https://ask.openstack.org/en/question/31574/ubuntu-1404-cloud-image-wont-boot/,ubuntu 1404 cloud image wont boot
32207,6,https://ask.openstack.org/en/question/32207/vmware-hypervisor-as-compute-node/,vmware hypervisor as compute node
