qid,site,comments,subject
66855,https://ask.openstack.org/en/question/66855/add-another-compute-host-to-juno-multinode-setup/,5, add another compute host to juno
65162,https://ask.openstack.org/en/question/65162/instance-cannot-connect-to-external-network/,5, instance cannot connect to external network
64790,https://ask.openstack.org/en/question/64790/strange-self-healing-icehouse-neutronovs-performance-issue/,5, strange self healing icehouse neutronovs performance
67572,https://ask.openstack.org/en/question/67572/rdo-kilo-novalidhost-no-valid-host-was-found-there-are-not-enough-hosts-available/,5, rdo kilo novalidhost no valid host
65591,https://ask.openstack.org/en/question/65591/cant-access-dashboard-on-vm-installation/,5, cant access dashboard on vm installation
64960,https://ask.openstack.org/en/question/64960/neutron-network-node-dhcp-requests-hit-interface-but-not-dnsmasq-for-some-tenants-while-ok-for-others/,5, neutron network node dhcp requests hit
65626,https://ask.openstack.org/en/question/65626/how-does-compute-node-get-ip-from-dnsmasq-with-neutron-linux-bridge-plugin/,5, how does compute node get ip
66060,https://ask.openstack.org/en/question/66060/openstack-allinone-deployment-using-vlan-instead-of-local-networks/,5, openstack allinone deployment using vlan instead
65831,https://ask.openstack.org/en/question/65831/connection-to-neutron-failed-maximum-attempts-reached-problem/,5, connection to neutron failed maximum attempts
66061,https://ask.openstack.org/en/question/66061/cirros-instance-cannot-get-ip-address/,5, cirros instance cannot get ip address
